word,weight
later,4560.0
alter,4560.0
alert,4560.0
arose,4536.0
irate,4512.0
stare,4510.0
arise,4452.0
raise,4452.0
learn,4406.0
renal,4406.0
snare,4356.0
saner,4356.0
steal,4329.0
least,4329.0
slate,4329.0
stale,4329.0
crate,4318.0
trace,4318.0
react,4318.0
cater,4318.0
clear,4308.0
store,4286.0
loser,4276.0
aisle,4271.0
atone,4271.0
teary,4266.0
alone,4261.0
adore,4261.0
scare,4258.0
early,4256.0
relay,4256.0
layer,4256.0
trade,4235.0
tread,4235.0
leant,4235.0
opera,4234.0
heart,4230.0
hater,4230.0
earth,4230.0
taper,4208.0
pearl,4198.0
paler,4198.0
tenor,4192.0
aider,4177.0
alien,4177.0
share,4170.0
shear,4170.0
crane,4164.0
tamer,4157.0
grate,4152.0
great,4152.0
parse,4148.0
spear,4148.0
spare,4148.0
realm,4147.0
regal,4142.0
glare,4142.0
lager,4142.0
large,4142.0
cleat,4137.0
eclat,4137.0
snore,4132.0
baler,4112.0
blare,4112.0
yearn,4112.0
inert,4108.0
inter,4108.0
stern,4106.0
stole,4105.0
liner,4098.0
smear,4097.0
caste,4087.0
route,4084.0
outer,4084.0
scale,4077.0
saute,4077.0
after,4071.0
feral,4061.0
flare,4061.0
delta,4054.0
dealt,4054.0
taker,4051.0
lathe,4049.0
resin,4048.0
rinse,4048.0
risen,4048.0
siren,4048.0
water,4037.0
yeast,4035.0
ratio,4034.0
score,4034.0
roast,4032.0
pleat,4027.0
plate,4027.0
leapt,4027.0
petal,4027.0
rouse,4024.0
solar,4022.0
islet,4021.0
ocean,4019.0
canoe,4019.0
afire,4013.0
safer,4011.0
trice,4010.0
crest,4008.0
other,4006.0
stead,4004.0
ramen,4003.0
older,4001.0
relic,4000.0
haste,3999.0
trail,3998.0
anger,3998.0
trial,3998.0
range,3998.0
ideal,3996.0
avert,3994.0
enact,3993.0
shale,3989.0
leash,3989.0
trope,3984.0
lance,3983.0
cedar,3983.0
clean,3983.0
reach,3978.0
swear,3977.0
paste,3977.0
metal,3976.0
lapse,3967.0
onset,3961.0
stone,3961.0
caper,3956.0
recap,3956.0
stair,3948.0
aside,3946.0
horse,3946.0
shore,3946.0
bleat,3941.0
table,3941.0
crone,3940.0
anode,3936.0
metro,3933.0
ready,3931.0
inlet,3927.0
tried,3927.0
steam,3926.0
prose,3924.0
spore,3924.0
poser,3924.0
their,3922.0
stage,3921.0
sepia,3919.0
email,3918.0
idler,3917.0
agile,3913.0
cream,3905.0
payer,3904.0
repay,3904.0
noise,3903.0
grace,3900.0
tripe,3900.0
laden,3900.0
heard,3895.0
baste,3891.0
beast,3891.0
peril,3890.0
plier,3890.0
fetal,3890.0
argue,3890.0
acute,3885.0
extra,3878.0
arson,3878.0
sonar,3878.0
stein,3877.0
plane,3873.0
penal,3873.0
drape,3873.0
panel,3873.0
brace,3870.0
relax,3868.0
shire,3862.0
entry,3862.0
drone,3857.0
nicer,3856.0
train,3854.0
close,3853.0
heron,3852.0
sedan,3850.0
remit,3849.0
ovate,3849.0
merit,3849.0
timer,3849.0
gayer,3848.0
forte,3847.0
urine,3846.0
ashen,3845.0
tiger,3844.0
nurse,3844.0
louse,3843.0
snarl,3842.0
terra,3841.0
eater,3841.0
treat,3841.0
spire,3840.0
raven,3840.0
feast,3840.0
actor,3840.0
sober,3838.0
meant,3832.0
trend,3831.0
coral,3830.0
prone,3830.0
false,3830.0
carol,3830.0
agent,3827.0
cause,3825.0
sauce,3825.0
hotel,3825.0
dream,3822.0
steak,3820.0
stake,3820.0
skate,3820.0
utile,3819.0
farce,3819.0
angle,3817.0
angel,3817.0
harem,3817.0
glean,3817.0
grade,3817.0
tribe,3814.0
wrote,3813.0
tower,3813.0
valet,3813.0
alike,3812.0
cadet,3812.0
teach,3807.0
cheat,3807.0
recut,3806.0
waste,3806.0
truce,3806.0
sweat,3806.0
lower,3803.0
decal,3802.0
creak,3799.0
haute,3797.0
leach,3797.0
cruel,3796.0
ulcer,3796.0
ultra,3794.0
grape,3790.0
miser,3789.0
bread,3787.0
debar,3787.0
beard,3787.0
rehab,3782.0
erase,3781.0
royal,3778.0
those,3775.0
place,3775.0
ethos,3775.0
style,3775.0
anime,3774.0
goner,3774.0
diner,3773.0
voter,3770.0
trove,3770.0
overt,3770.0
slice,3769.0
suite,3769.0
refit,3763.0
stave,3763.0
lover,3760.0
cameo,3760.0
decor,3759.0
credo,3759.0
clone,3759.0
tonal,3757.0
talon,3757.0
alive,3755.0
chore,3754.0
filer,3753.0
swore,3753.0
rifle,3753.0
slave,3753.0
sower,3753.0
flier,3753.0
salve,3753.0
pesto,3753.0
worse,3753.0
motel,3752.0
oaken,3752.0
delay,3750.0
chase,3747.0
tilde,3746.0
ripen,3746.0
curse,3746.0
borne,3744.0
slope,3743.0
crave,3742.0
carve,3742.0
lithe,3741.0
gamer,3739.0
weary,3733.0
write,3729.0
retch,3728.0
wrest,3727.0
taken,3726.0
space,3725.0
camel,3724.0
death,3724.0
polar,3720.0
slept,3717.0
spelt,3717.0
ankle,3716.0
drake,3716.0
pause,3715.0
verso,3710.0
scone,3709.0
amber,3709.0
crept,3706.0
barge,3704.0
serif,3703.0
artsy,3702.0
adept,3702.0
stray,3702.0
satyr,3702.0
smote,3702.0
radio,3699.0
salon,3697.0
exalt,3697.0
erupt,3696.0
poise,3695.0
miner,3695.0
pedal,3692.0
plead,3692.0
heist,3691.0
reign,3690.0
cable,3689.0
arena,3687.0
slide,3686.0
rivet,3686.0
acorn,3686.0
scent,3683.0
skier,3683.0
meaty,3682.0
matey,3682.0
liver,3676.0
olden,3676.0
cried,3675.0
unite,3675.0
cider,3675.0
untie,3675.0
unset,3673.0
triad,3673.0
mealy,3672.0
slant,3671.0
horde,3671.0
molar,3669.0
spite,3669.0
moral,3669.0
wiser,3669.0
trash,3666.0
sneak,3666.0
snake,3666.0
smelt,3666.0
rogue,3666.0
rouge,3666.0
amuse,3664.0
shade,3664.0
brine,3660.0
latte,3660.0
elate,3660.0
spiel,3659.0
usage,3659.0
navel,3659.0
owner,3659.0
octal,3659.0
frame,3658.0
dance,3658.0
usher,3658.0
nosey,3657.0
price,3648.0
facet,3648.0
tapir,3646.0
strap,3644.0
reply,3644.0
abort,3644.0
spade,3642.0
adobe,3642.0
abode,3642.0
medal,3641.0
lunar,3640.0
maker,3638.0
fecal,3638.0
shape,3637.0
phase,3637.0
super,3636.0
glade,3636.0
purse,3636.0
lemur,3635.0
rayon,3634.0
labor,3634.0
towel,3632.0
pecan,3631.0
gruel,3630.0
intro,3630.0
craze,3629.0
abuse,3629.0
snort,3628.0
since,3625.0
stain,3623.0
saint,3623.0
satin,3623.0
shone,3621.0
wager,3619.0
azure,3619.0
smite,3618.0
retro,3617.0
otter,3617.0
maple,3614.0
ample,3614.0
snail,3613.0
slain,3613.0
naive,3611.0
bathe,3611.0
rebut,3610.0
asset,3610.0
brute,3610.0
taste,3610.0
state,3610.0
tuber,3610.0
tease,3610.0
coast,3609.0
finer,3609.0
ascot,3609.0
infer,3609.0
slime,3608.0
smile,3608.0
abled,3606.0
blade,3606.0
break,3603.0
baker,3603.0
adorn,3603.0
brake,3603.0
cairn,3602.0
hyena,3601.0
opine,3601.0
lease,3600.0
bluer,3600.0
easel,3600.0
lemon,3598.0
melon,3598.0
crime,3597.0
stoke,3596.0
force,3595.0
omega,3594.0
smart,3593.0
media,3593.0
homer,3593.0
racer,3589.0
leafy,3586.0
shame,3586.0
serum,3585.0
flora,3583.0
filet,3582.0
surge,3580.0
grail,3580.0
cutie,3577.0
grave,3576.0
apron,3576.0
inept,3575.0
spent,3573.0
loath,3571.0
under,3569.0
leaky,3566.0
grope,3566.0
pride,3565.0
pried,3565.0
noble,3563.0
cower,3561.0
gleam,3558.0
abide,3558.0
freak,3552.0
value,3551.0
rebus,3550.0
rainy,3550.0
brave,3546.0
foyer,3543.0
snide,3542.0
prune,3542.0
clerk,3539.0
stove,3539.0
wafer,3538.0
shine,3537.0
probe,3536.0
trite,3533.0
begat,3533.0
berth,3532.0
olive,3531.0
reset,3531.0
steer,3531.0
terse,3531.0
ester,3531.0
solve,3529.0
blame,3528.0
amble,3528.0
nerdy,3527.0
wheat,3526.0
manor,3525.0
trawl,3523.0
chose,3523.0
bagel,3523.0
often,3522.0
salty,3521.0
groan,3520.0
torus,3520.0
organ,3520.0
drain,3519.0
nadir,3519.0
cover,3518.0
wreak,3518.0
eaten,3516.0
whale,3516.0
spine,3515.0
snipe,3515.0
house,3513.0
felon,3512.0
shoal,3511.0
image,3510.0
comet,3510.0
dirge,3509.0
ridge,3509.0
decay,3508.0
flyer,3507.0
ounce,3507.0
valor,3506.0
dread,3506.0
edict,3504.0
token,3502.0
patio,3501.0
suave,3501.0
copse,3501.0
scope,3501.0
roach,3500.0
frail,3499.0
ethic,3499.0
flair,3499.0
amend,3497.0
chest,3497.0
grant,3494.0
gloat,3493.0
tidal,3492.0
baron,3490.0
stark,3487.0
prime,3487.0
ombre,3485.0
shalt,3485.0
sperm,3485.0
gripe,3482.0
shake,3480.0
paper,3479.0
parer,3479.0
bride,3479.0
depot,3478.0
story,3478.0
flame,3477.0
screw,3475.0
chart,3474.0
halve,3473.0
straw,3473.0
riser,3473.0
extol,3473.0
crude,3471.0
uncle,3471.0
knelt,3466.0
upset,3465.0
setup,3465.0
plait,3465.0
poker,3465.0
bloat,3463.0
graze,3463.0
splat,3463.0
gazer,3463.0
waver,3461.0
singe,3459.0
fiery,3459.0
inane,3458.0
speak,3458.0
savor,3456.0
pulse,3455.0
boule,3455.0
exact,3455.0
deity,3452.0
power,3451.0
scary,3450.0
droit,3449.0
poesy,3449.0
threw,3447.0
cheap,3445.0
peach,3445.0
short,3442.0
fable,3442.0
yield,3442.0
staid,3442.0
mouse,3440.0
enter,3437.0
grain,3436.0
novel,3435.0
drove,3435.0
zebra,3433.0
grime,3431.0
antic,3431.0
hover,3430.0
decry,3429.0
forge,3429.0
scant,3429.0
rearm,3428.0
elfin,3428.0
fried,3428.0
macro,3427.0
tardy,3427.0
equal,3427.0
piety,3425.0
cagey,3425.0
eager,3423.0
agree,3423.0
shave,3423.0
cargo,3422.0
rival,3422.0
viral,3422.0
bleak,3422.0
fresh,3421.0
acrid,3421.0
heady,3420.0
sport,3420.0
spice,3417.0
hoard,3417.0
model,3417.0
chair,3416.0
mange,3414.0
crash,3414.0
boast,3413.0
lodge,3412.0
aloft,3412.0
float,3412.0
guest,3409.0
prove,3408.0
liken,3408.0
brain,3406.0
twine,3404.0
above,3401.0
guile,3401.0
party,3400.0
mower,3400.0
tempo,3400.0
gavel,3395.0
weird,3394.0
tepid,3394.0
wider,3394.0
rebar,3393.0
scrap,3392.0
cobra,3392.0
knead,3391.0
cleft,3388.0
ovine,3387.0
shrew,3387.0
plied,3384.0
mural,3381.0
inner,3379.0
broke,3379.0
began,3379.0
flute,3378.0
blast,3377.0
honey,3377.0
nasty,3377.0
sneer,3377.0
loose,3376.0
scorn,3376.0
mayor,3375.0
awoke,3373.0
flake,3371.0
storm,3369.0
plant,3369.0
inlay,3369.0
diary,3369.0
dairy,3369.0
perch,3366.0
corer,3365.0
hairy,3364.0
aorta,3363.0
tarot,3363.0
prude,3361.0
hazel,3360.0
beach,3359.0
cease,3358.0
shirt,3358.0
mover,3357.0
alley,3356.0
shied,3356.0
ralph,3354.0
grove,3352.0
elite,3352.0
title,3352.0
guise,3351.0
mercy,3351.0
diver,3351.0
drive,3351.0
steel,3350.0
sleet,3350.0
tonga,3349.0
tango,3349.0
north,3348.0
thorn,3348.0
tweak,3347.0
covet,3347.0
piano,3347.0
stand,3346.0
niche,3345.0
grief,3345.0
sinew,3344.0
swine,3344.0
scram,3341.0
spray,3340.0
raspy,3340.0
erect,3339.0
along,3339.0
exist,3339.0
cigar,3338.0
clove,3337.0
lefty,3336.0
orbit,3336.0
strip,3336.0
golem,3334.0
spied,3334.0
eight,3333.0
shard,3331.0
heath,3330.0
theta,3330.0
truer,3329.0
utter,3329.0
haven,3329.0
glide,3328.0
court,3328.0
fetus,3328.0
altar,3327.0
broil,3326.0
irony,3326.0
sugar,3326.0
ladle,3325.0
viper,3324.0
croak,3321.0
paint,3321.0
ranch,3320.0
unmet,3320.0
ruler,3319.0
basil,3319.0
phone,3319.0
baton,3319.0
cyber,3316.0
fiber,3315.0
fibre,3315.0
craft,3315.0
brief,3315.0
aloud,3314.0
hyper,3314.0
beady,3312.0
plain,3311.0
rapid,3311.0
lumen,3310.0
demur,3310.0
broad,3309.0
board,3309.0
aware,3308.0
chafe,3308.0
debit,3308.0
twice,3306.0
stalk,3306.0
impel,3306.0
buyer,3306.0
essay,3306.0
lunge,3305.0
abhor,3304.0
sharp,3304.0
money,3304.0
stoic,3301.0
globe,3299.0
coupe,3299.0
apple,3298.0
lapel,3298.0
dowel,3297.0
track,3295.0
chute,3295.0
mason,3294.0
latch,3293.0
whole,3292.0
tramp,3291.0
rhino,3290.0
clued,3290.0
foray,3289.0
voice,3289.0
adult,3288.0
shorn,3288.0
retry,3287.0
askew,3287.0
decoy,3284.0
frost,3283.0
today,3282.0
rodeo,3282.0
order,3282.0
odder,3282.0
glaze,3282.0
erode,3282.0
crier,3281.0
tiara,3279.0
trait,3279.0
cress,3279.0
scree,3279.0
purge,3278.0
voila,3277.0
start,3277.0
viola,3277.0
leery,3277.0
salvo,3275.0
demon,3273.0
randy,3273.0
mince,3272.0
crawl,3271.0
piney,3271.0
dwelt,3271.0
curio,3270.0
ebony,3269.0
boney,3269.0
scaly,3269.0
surer,3269.0
chaos,3269.0
reuse,3269.0
giver,3268.0
scour,3268.0
audio,3266.0
giant,3265.0
stork,3263.0
angst,3263.0
rhyme,3263.0
evict,3263.0
sloth,3261.0
fetid,3257.0
deter,3256.0
biome,3256.0
align,3255.0
scarf,3255.0
slang,3253.0
marsh,3253.0
thief,3252.0
blaze,3252.0
agate,3252.0
vegan,3251.0
vital,3251.0
there,3251.0
ether,3251.0
three,3251.0
torch,3250.0
worst,3249.0
hovel,3249.0
flirt,3249.0
field,3247.0
elder,3246.0
waist,3244.0
crust,3242.0
eagle,3242.0
print,3242.0
algae,3242.0
legal,3242.0
whose,3242.0
pilot,3241.0
truly,3240.0
flesh,3240.0
audit,3240.0
shelf,3240.0
maize,3239.0
spend,3238.0
scald,3238.0
maybe,3234.0
spoke,3234.0
clash,3233.0
derby,3233.0
draft,3232.0
noose,3232.0
waive,3232.0
curve,3230.0
warty,3229.0
grasp,3226.0
braid,3225.0
rabid,3225.0
adopt,3224.0
abate,3222.0
epoch,3221.0
repel,3219.0
aptly,3219.0
leper,3219.0
brash,3218.0
white,3218.0
minor,3217.0
eying,3215.0
twirl,3215.0
bilge,3215.0
hoist,3213.0
wield,3213.0
quote,3213.0
label,3212.0
ovary,3212.0
groin,3212.0
about,3211.0
scalp,3211.0
prize,3211.0
clasp,3211.0
while,3208.0
solid,3208.0
tonic,3207.0
boxer,3206.0
tense,3206.0
welsh,3206.0
video,3206.0
fairy,3205.0
urban,3202.0
blend,3202.0
vista,3201.0
dicey,3200.0
first,3199.0
shove,3199.0
roger,3199.0
gorge,3199.0
linen,3198.0
dried,3198.0
rider,3198.0
badge,3198.0
drier,3198.0
bloke,3198.0
masse,3197.0
dress,3196.0
snout,3195.0
soapy,3195.0
loamy,3194.0
octet,3194.0
swept,3194.0
coven,3193.0
wrath,3193.0
choir,3192.0
lyric,3192.0
sheer,3191.0
hasty,3191.0
posit,3191.0
gnome,3190.0
rusty,3190.0
angry,3190.0
front,3189.0
denim,3189.0
drawl,3188.0
daily,3188.0
sadly,3186.0
exult,3185.0
cello,3184.0
deign,3184.0
below,3184.0
elbow,3184.0
bowel,3184.0
faint,3184.0
smoke,3183.0
robin,3182.0
allot,3182.0
total,3182.0
atoll,3182.0
spoil,3181.0
surly,3180.0
vicar,3180.0
hinge,3179.0
skirt,3179.0
neigh,3179.0
heavy,3179.0
meter,3178.0
tubal,3175.0
aunty,3175.0
rerun,3175.0
basin,3175.0
dopey,3174.0
final,3174.0
egret,3173.0
greet,3173.0
sheik,3172.0
glove,3171.0
riper,3171.0
piper,3171.0
devil,3170.0
pasty,3169.0
spree,3169.0
patsy,3169.0
press,3169.0
tumor,3167.0
wrist,3165.0
chide,3164.0
modal,3163.0
stank,3162.0
claim,3162.0
grout,3162.0
abase,3162.0
fella,3161.0
until,3161.0
unlit,3161.0
focal,3160.0
grand,3159.0
palsy,3159.0
froze,3158.0
elect,3158.0
spilt,3155.0
split,3155.0
swirl,3155.0
vapor,3154.0
apnea,3154.0
endow,3153.0
stony,3153.0
wince,3152.0
lurid,3151.0
knave,3150.0
afoul,3150.0
spike,3150.0
graft,3149.0
chant,3149.0
mauve,3148.0
newly,3148.0
detox,3148.0
visor,3148.0
tulle,3148.0
clout,3147.0
shark,3147.0
sonic,3147.0
scion,3147.0
dunce,3146.0
femur,3146.0
befit,3144.0
daunt,3144.0
beret,3143.0
vague,3143.0
envoy,3141.0
crank,3141.0
cloak,3140.0
moist,3140.0
chard,3139.0
haunt,3139.0
daisy,3138.0
perky,3135.0
rebel,3133.0
spurt,3132.0
corny,3132.0
toast,3132.0
turbo,3132.0
crony,3132.0
plaid,3130.0
quiet,3129.0
quite,3129.0
brand,3129.0
movie,3128.0
quest,3127.0
joker,3125.0
spark,3125.0
fault,3124.0
lasso,3122.0
slurp,3122.0
amity,3120.0
micro,3119.0
dirty,3119.0
offer,3118.0
rarer,3112.0
depth,3112.0
glory,3110.0
gaily,3105.0
debut,3104.0
quart,3104.0
fiend,3103.0
troll,3103.0
enema,3103.0
plume,3102.0
belch,3099.0
scout,3097.0
point,3097.0
pinto,3097.0
anvil,3097.0
blurt,3096.0
stall,3096.0
hello,3096.0
zesty,3096.0
sworn,3095.0
noisy,3095.0
thyme,3092.0
round,3091.0
medic,3091.0
china,3091.0
chain,3091.0
incur,3090.0
oxide,3090.0
admit,3089.0
locus,3087.0
hardy,3087.0
chime,3086.0
carat,3085.0
tract,3085.0
bribe,3085.0
leave,3084.0
wooer,3084.0
valve,3084.0
crisp,3084.0
rower,3084.0
third,3083.0
vocal,3083.0
cache,3078.0
basic,3077.0
recur,3077.0
guide,3076.0
brawl,3075.0
preen,3075.0
women,3075.0
elope,3074.0
flour,3071.0
binge,3071.0
being,3071.0
begin,3071.0
fixer,3071.0
empty,3070.0
widen,3069.0
panic,3069.0
cloth,3069.0
zonal,3068.0
bravo,3068.0
bacon,3067.0
rural,3065.0
choke,3064.0
stack,3064.0
whine,3064.0
march,3061.0
charm,3061.0
gaunt,3061.0
clang,3061.0
harpy,3060.0
swarm,3060.0
stamp,3060.0
drank,3058.0
fetch,3058.0
testy,3056.0
vowel,3056.0
peace,3056.0
query,3054.0
slack,3054.0
throb,3054.0
foist,3054.0
broth,3054.0
diode,3053.0
torso,3053.0
roost,3053.0
guard,3051.0
psalm,3050.0
habit,3049.0
helix,3049.0
vault,3047.0
burst,3046.0
agony,3045.0
drawn,3044.0
bused,3044.0
horny,3044.0
covey,3043.0
sandy,3042.0
ingot,3041.0
rover,3041.0
issue,3040.0
forty,3039.0
cramp,3039.0
lousy,3035.0
ratty,3033.0
totem,3033.0
venom,3032.0
login,3031.0
prank,3031.0
lingo,3031.0
gauze,3030.0
polka,3030.0
bicep,3029.0
ardor,3028.0
circa,3027.0
pixel,3027.0
girly,3026.0
crass,3025.0
steed,3025.0
posse,3024.0
rally,3023.0
tithe,3022.0
feign,3020.0
sheet,3020.0
waxen,3020.0
these,3020.0
tangy,3019.0
green,3019.0
genre,3019.0
nomad,3019.0
caput,3019.0
manic,3018.0
axion,3017.0
favor,3017.0
prawn,3017.0
hotly,3017.0
saucy,3017.0
elide,3017.0
wreck,3016.0
pansy,3015.0
enjoy,3015.0
gonad,3014.0
scold,3014.0
manly,3014.0
welch,3014.0
mourn,3013.0
bugle,3011.0
bulge,3011.0
shell,3010.0
lusty,3009.0
shout,3009.0
primo,3009.0
south,3009.0
hefty,3006.0
mirth,3005.0
revel,3005.0
glint,3005.0
lever,3005.0
mecca,3005.0
creed,3004.0
payee,3004.0
count,3003.0
froth,3003.0
forth,3003.0
natal,3002.0
right,3000.0
eking,3000.0
chief,3000.0
girth,3000.0
optic,2999.0
topic,2999.0
yacht,2999.0
cheer,2999.0
cavil,2999.0
faith,2998.0
steep,2998.0
sewer,2998.0
fruit,2997.0
dozen,2997.0
shaft,2996.0
ahead,2995.0
ruder,2994.0
udder,2994.0
gauge,2990.0
spell,2988.0
sleep,2988.0
curly,2988.0
spout,2987.0
trick,2987.0
moult,2986.0
gecko,2986.0
flash,2986.0
cabin,2983.0
grunt,2982.0
savoy,2981.0
nudge,2980.0
gland,2978.0
spurn,2978.0
crepe,2977.0
creep,2977.0
major,2977.0
duvet,2976.0
apart,2975.0
moose,2973.0
fraud,2970.0
birth,2970.0
woken,2969.0
throw,2969.0
worth,2969.0
imbue,2968.0
goose,2968.0
upper,2967.0
purer,2967.0
puree,2967.0
rupee,2967.0
disco,2966.0
croup,2966.0
flume,2965.0
world,2964.0
betel,2962.0
swath,2962.0
aglow,2960.0
clank,2960.0
quota,2959.0
river,2957.0
speck,2956.0
niece,2956.0
bench,2955.0
verse,2955.0
sever,2955.0
serve,2955.0
sting,2955.0
scene,2954.0
taint,2954.0
titan,2954.0
edify,2953.0
tulip,2953.0
reedy,2952.0
brunt,2952.0
lurch,2952.0
borax,2952.0
shawl,2952.0
avoid,2952.0
dryer,2952.0
burnt,2952.0
bison,2951.0
aroma,2950.0
armor,2950.0
bland,2948.0
graph,2946.0
ennui,2946.0
sigma,2946.0
sling,2945.0
agora,2945.0
ensue,2944.0
radii,2944.0
rumba,2943.0
given,2943.0
umbra,2943.0
nasal,2942.0
patch,2941.0
obese,2938.0
hymen,2938.0
harsh,2937.0
prowl,2937.0
smell,2937.0
mango,2936.0
among,2936.0
admin,2935.0
liege,2934.0
logic,2933.0
gusto,2931.0
brawn,2931.0
local,2930.0
creme,2926.0
tenth,2926.0
notch,2925.0
midge,2925.0
flint,2924.0
drift,2924.0
prism,2923.0
gnash,2923.0
donut,2920.0
knife,2919.0
vogue,2919.0
tunic,2919.0
sprig,2918.0
abbey,2918.0
quake,2918.0
adage,2917.0
mocha,2916.0
macho,2916.0
valid,2916.0
chord,2915.0
arbor,2915.0
sword,2914.0
alarm,2914.0
woven,2912.0
beset,2912.0
fleet,2911.0
index,2910.0
snack,2910.0
lanky,2908.0
prong,2908.0
sumac,2908.0
bayou,2907.0
belie,2904.0
libel,2904.0
tawny,2904.0
ivory,2904.0
newer,2904.0
bible,2904.0
pesky,2904.0
renew,2904.0
whelp,2904.0
vaunt,2903.0
crown,2903.0
aping,2903.0
crush,2902.0
bless,2902.0
flout,2900.0
exert,2899.0
unfed,2899.0
crypt,2898.0
guilt,2897.0
frank,2894.0
match,2890.0
agape,2890.0
error,2888.0
porch,2888.0
datum,2885.0
siege,2884.0
proud,2883.0
thank,2882.0
growl,2881.0
trunk,2881.0
loyal,2878.0
alloy,2878.0
juice,2875.0
whirl,2875.0
risky,2875.0
merry,2874.0
scuba,2873.0
squat,2873.0
stool,2872.0
dense,2871.0
wench,2870.0
topaz,2870.0
fleck,2869.0
begun,2867.0
built,2867.0
unity,2867.0
sheen,2866.0
unwed,2865.0
quail,2865.0
laugh,2865.0
hydro,2863.0
never,2861.0
tipsy,2861.0
nerve,2861.0
sound,2860.0
virus,2860.0
grass,2859.0
fluke,2859.0
clamp,2858.0
lofty,2858.0
snaky,2858.0
shady,2856.0
attic,2856.0
tacit,2856.0
cacti,2856.0
batch,2855.0
stink,2854.0
frond,2854.0
cycle,2854.0
ghost,2853.0
briny,2852.0
tally,2852.0
caulk,2852.0
grind,2851.0
joist,2851.0
trout,2851.0
tutor,2851.0
color,2851.0
plank,2850.0
candy,2850.0
lilac,2846.0
iliac,2846.0
class,2844.0
slink,2844.0
mount,2842.0
stock,2840.0
berry,2839.0
shirk,2839.0
greed,2838.0
stomp,2836.0
usual,2834.0
madly,2833.0
rabbi,2831.0
sleek,2831.0
swami,2831.0
briar,2831.0
chasm,2830.0
arrow,2830.0
shunt,2829.0
scrum,2829.0
brass,2829.0
syrup,2828.0
gourd,2827.0
humor,2827.0
sweet,2827.0
annex,2824.0
etude,2823.0
rough,2822.0
shank,2822.0
crazy,2821.0
woman,2821.0
creek,2820.0
drown,2820.0
tacky,2820.0
light,2819.0
leech,2818.0
synod,2818.0
epoxy,2817.0
swell,2817.0
touch,2817.0
scowl,2816.0
wagon,2816.0
quasi,2815.0
elude,2813.0
cloud,2812.0
could,2812.0
input,2809.0
churn,2808.0
scamp,2808.0
breed,2808.0
flask,2807.0
amply,2806.0
chirp,2804.0
eerie,2804.0
tasty,2802.0
gamut,2802.0
thrum,2801.0
cross,2801.0
group,2800.0
aphid,2800.0
slimy,2800.0
weigh,2800.0
spank,2800.0
lorry,2799.0
badly,2798.0
jerky,2795.0
scrub,2794.0
semen,2793.0
sally,2792.0
burly,2792.0
genie,2790.0
vigor,2790.0
twang,2790.0
ferry,2788.0
still,2788.0
stilt,2788.0
spawn,2786.0
canon,2786.0
truck,2783.0
carry,2781.0
teddy,2781.0
friar,2780.0
trump,2779.0
midst,2779.0
jaunt,2777.0
junta,2777.0
smith,2774.0
chalk,2774.0
blunt,2771.0
watch,2770.0
sight,2769.0
droll,2768.0
drool,2768.0
chess,2768.0
gravy,2768.0
rocky,2767.0
toxin,2767.0
equip,2767.0
pique,2767.0
gouge,2766.0
smirk,2766.0
stash,2766.0
youth,2765.0
trust,2765.0
truss,2765.0
strut,2765.0
month,2764.0
blank,2764.0
handy,2762.0
wrack,2762.0
album,2762.0
salad,2761.0
merge,2760.0
evade,2759.0
thong,2759.0
axiom,2758.0
freed,2757.0
defer,2757.0
joint,2757.0
shall,2756.0
slash,2756.0
stick,2756.0
nobly,2755.0
dogma,2755.0
magic,2754.0
petty,2754.0
heave,2754.0
gaffe,2753.0
cling,2753.0
havoc,2753.0
revue,2753.0
larva,2751.0
stung,2751.0
troop,2751.0
drink,2750.0
canal,2750.0
taunt,2750.0
sorry,2749.0
piece,2748.0
bonus,2747.0
bigot,2747.0
slick,2746.0
abbot,2744.0
taboo,2744.0
pasta,2744.0
pouty,2743.0
limbo,2742.0
slung,2741.0
annul,2740.0
filth,2738.0
bring,2738.0
grown,2737.0
kneel,2737.0
wrong,2737.0
shrug,2736.0
annoy,2734.0
crimp,2731.0
brisk,2731.0
ember,2730.0
shiny,2729.0
lucid,2728.0
morph,2727.0
human,2726.0
sieve,2726.0
shack,2724.0
blond,2724.0
gooey,2724.0
tryst,2723.0
crowd,2722.0
clown,2722.0
seedy,2721.0
balmy,2720.0
birch,2718.0
where,2718.0
dross,2718.0
minty,2716.0
flank,2713.0
every,2711.0
tying,2711.0
butte,2710.0
brown,2707.0
spiny,2707.0
brush,2706.0
doing,2706.0
dingo,2706.0
shrub,2706.0
foamy,2705.0
kebab,2703.0
lying,2701.0
motif,2701.0
motor,2700.0
dwarf,2699.0
modem,2698.0
minus,2698.0
silky,2694.0
wharf,2694.0
suing,2693.0
dodge,2693.0
prior,2693.0
harry,2693.0
using,2693.0
afoot,2693.0
itchy,2691.0
sauna,2690.0
event,2690.0
elegy,2688.0
leggy,2688.0
shift,2688.0
fancy,2686.0
budge,2686.0
debug,2686.0
dusty,2684.0
study,2684.0
drill,2684.0
offal,2683.0
small,2683.0
aloof,2683.0
guess,2680.0
segue,2680.0
frisk,2680.0
glass,2678.0
pivot,2675.0
night,2675.0
thing,2675.0
hence,2674.0
razor,2674.0
unfit,2672.0
shaky,2672.0
parry,2671.0
wordy,2670.0
dowry,2670.0
rowdy,2670.0
undue,2669.0
vixen,2669.0
toxic,2669.0
forum,2668.0
theme,2667.0
black,2666.0
robot,2665.0
waltz,2663.0
speed,2663.0
koala,2663.0
exile,2660.0
tibia,2660.0
ditch,2660.0
sheep,2658.0
belly,2658.0
ledge,2657.0
fatal,2657.0
augur,2657.0
frown,2656.0
mouth,2656.0
wring,2653.0
clink,2652.0
pence,2652.0
tough,2651.0
ought,2651.0
smack,2651.0
stunk,2650.0
child,2650.0
alibi,2650.0
allow,2649.0
basal,2648.0
joust,2647.0
stint,2644.0
ghoul,2641.0
slunk,2640.0
blind,2640.0
brink,2637.0
rigor,2637.0
amiss,2635.0
fudge,2635.0
gross,2635.0
pitch,2633.0
botch,2631.0
seven,2630.0
queer,2629.0
needy,2627.0
bleed,2627.0
lunch,2627.0
doubt,2626.0
prick,2625.0
vomit,2624.0
donor,2624.0
grimy,2623.0
stout,2620.0
snowy,2620.0
marry,2620.0
honor,2619.0
awake,2618.0
banjo,2617.0
flack,2615.0
quilt,2615.0
seize,2613.0
plush,2611.0
catty,2610.0
moldy,2609.0
spicy,2609.0
staff,2607.0
mangy,2606.0
musty,2606.0
floor,2604.0
godly,2604.0
ozone,2603.0
gusty,2601.0
grill,2601.0
basis,2600.0
penny,2600.0
coach,2600.0
bleep,2600.0
music,2600.0
bylaw,2600.0
flail,2599.0
occur,2599.0
focus,2598.0
verge,2597.0
bingo,2593.0
awful,2591.0
drama,2589.0
lynch,2585.0
quark,2585.0
shown,2584.0
theft,2581.0
pithy,2581.0
hound,2580.0
sooty,2578.0
gaudy,2576.0
opium,2576.0
await,2575.0
think,2574.0
catch,2574.0
hatch,2574.0
frock,2572.0
deuce,2571.0
fritz,2570.0
amaze,2568.0
mogul,2568.0
crack,2566.0
vapid,2564.0
flaky,2563.0
guild,2562.0
weave,2561.0
fewer,2559.0
pound,2558.0
beget,2554.0
banal,2554.0
junto,2553.0
stuck,2552.0
tweed,2552.0
idiot,2549.0
enemy,2549.0
clung,2549.0
ditto,2549.0
stump,2548.0
stood,2547.0
drunk,2546.0
moron,2546.0
vinyl,2543.0
sooth,2542.0
shoot,2542.0
dwell,2542.0
mania,2541.0
brick,2539.0
slump,2538.0
squad,2538.0
tenet,2537.0
wheel,2537.0
aging,2536.0
again,2536.0
young,2533.0
quash,2533.0
build,2532.0
slosh,2532.0
pupal,2532.0
would,2531.0
sixty,2531.0
champ,2528.0
swamp,2527.0
comma,2527.0
crump,2527.0
blown,2526.0
colon,2526.0
dimly,2525.0
blush,2525.0
villa,2522.0
avail,2522.0
stoop,2520.0
frill,2520.0
dally,2517.0
privy,2516.0
fever,2516.0
fence,2515.0
ficus,2514.0
phony,2511.0
sloop,2510.0
spool,2510.0
qualm,2510.0
owing,2508.0
mound,2507.0
fling,2506.0
cumin,2506.0
krill,2500.0
patty,2500.0
shock,2500.0
delve,2499.0
imply,2498.0
sixth,2495.0
swift,2495.0
vodka,2491.0
apply,2490.0
sulky,2490.0
truth,2485.0
silly,2484.0
proxy,2484.0
fluid,2481.0
pinch,2479.0
ionic,2478.0
conic,2478.0
sense,2477.0
thick,2476.0
flown,2475.0
nylon,2474.0
flush,2474.0
bound,2472.0
adapt,2469.0
award,2469.0
union,2468.0
excel,2466.0
eject,2466.0
sweep,2465.0
climb,2464.0
witch,2462.0
blink,2456.0
cabal,2456.0
igloo,2456.0
dutch,2456.0
parka,2456.0
canny,2456.0
pouch,2455.0
alpha,2454.0
gloss,2454.0
wrung,2449.0
quell,2448.0
gipsy,2443.0
block,2442.0
crumb,2441.0
stunt,2440.0
blitz,2440.0
sappy,2440.0
rumor,2438.0
dryly,2438.0
limit,2435.0
boost,2434.0
showy,2434.0
gayly,2434.0
judge,2432.0
druid,2432.0
venue,2428.0
smock,2427.0
naval,2426.0
spill,2426.0
swing,2422.0
curvy,2422.0
found,2421.0
droop,2416.0
might,2416.0
tabby,2414.0
jetty,2414.0
batty,2414.0
kneed,2412.0
axial,2406.0
karma,2405.0
jelly,2404.0
usurp,2403.0
cough,2399.0
snuck,2398.0
roomy,2396.0
flock,2391.0
wound,2387.0
bevel,2386.0
clack,2385.0
rugby,2384.0
rotor,2384.0
fishy,2384.0
gassy,2384.0
beech,2380.0
width,2379.0
avian,2378.0
coyly,2376.0
dying,2376.0
dingy,2376.0
smoky,2375.0
folio,2375.0
dandy,2373.0
floss,2373.0
quoth,2369.0
unify,2368.0
mulch,2368.0
salsa,2367.0
blurb,2367.0
snoop,2366.0
spoon,2366.0
ninth,2364.0
taffy,2363.0
fatty,2363.0
refer,2363.0
gulch,2363.0
freer,2363.0
filmy,2361.0
expel,2356.0
abyss,2354.0
blimp,2354.0
smash,2353.0
furor,2352.0
evoke,2351.0
teeth,2351.0
clump,2346.0
outdo,2345.0
downy,2345.0
butch,2343.0
crock,2342.0
spiky,2342.0
crook,2342.0
finch,2342.0
milky,2341.0
bliss,2340.0
plunk,2338.0
spasm,2331.0
mambo,2331.0
fight,2330.0
brood,2330.0
tepee,2329.0
wispy,2328.0
hedge,2327.0
inbox,2319.0
murky,2318.0
pushy,2317.0
dough,2316.0
going,2312.0
check,2309.0
booze,2309.0
cheek,2309.0
pixie,2308.0
winch,2308.0
flick,2307.0
fjord,2306.0
kiosk,2305.0
array,2304.0
queen,2304.0
toddy,2303.0
flung,2302.0
stiff,2299.0
lucky,2298.0
wight,2296.0
rajah,2295.0
lumpy,2294.0
oddly,2293.0
dolly,2293.0
icily,2292.0
spunk,2288.0
holly,2288.0
wacky,2287.0
verve,2286.0
groom,2282.0
sully,2280.0
quirk,2277.0
worry,2276.0
rigid,2276.0
caddy,2275.0
bawdy,2275.0
punch,2275.0
radar,2273.0
bezel,2273.0
skill,2269.0
curry,2269.0
melee,2268.0
scoop,2268.0
thump,2268.0
loopy,2266.0
hitch,2266.0
mushy,2266.0
polyp,2266.0
twist,2265.0
pubic,2263.0
outgo,2262.0
windy,2261.0
knoll,2259.0
crick,2258.0
whiny,2256.0
chill,2256.0
chili,2256.0
swill,2255.0
fungi,2254.0
ninja,2252.0
broom,2252.0
proof,2252.0
fauna,2251.0
whack,2251.0
khaki,2249.0
weedy,2248.0
uncut,2248.0
pinky,2248.0
word,2245.0
slush,2244.0
knack,2241.0
fugue,2241.0
vouch,2241.0
photo,2240.0
pluck,2240.0
wryly,2240.0
humid,2237.0
awash,2233.0
skimp,2233.0
swash,2233.0
belle,2233.0
pagan,2232.0
bushy,2231.0
savvy,2226.0
embed,2224.0
pupil,2224.0
munch,2224.0
visit,2222.0
lupus,2222.0
ditty,2219.0
comic,2219.0
swung,2218.0
lymph,2216.0
geese,2213.0
shuck,2212.0
cocoa,2211.0
glyph,2211.0
cacao,2211.0
golly,2210.0
dilly,2209.0
idyll,2209.0
fanny,2209.0
hilly,2204.0
comfy,2203.0
bough,2203.0
shyly,2202.0
condo,2201.0
flunk,2201.0
sushi,2196.0
forgo,2196.0
nutty,2196.0
mafia,2196.0
conch,2196.0
swoon,2195.0
booty,2190.0
bunch,2189.0
ruddy,2186.0
hippo,2182.0
thumb,2182.0
hurry,2181.0
manga,2181.0
lobby,2180.0
geeky,2179.0
penne,2175.0
jewel,2175.0
beefy,2169.0
dusky,2165.0
mossy,2165.0
paddy,2165.0
quack,2162.0
cabby,2162.0
clock,2161.0
husky,2160.0
soggy,2160.0
happy,2160.0
howdy,2159.0
tweet,2158.0
booth,2154.0
duchy,2152.0
lipid,2151.0
plumb,2150.0
picky,2150.0
juror,2149.0
blood,2149.0
cynic,2148.0
brook,2146.0
sniff,2145.0
idiom,2136.0
sunny,2136.0
vying,2135.0
whisk,2135.0
wedge,2134.0
tatty,2133.0
scoff,2131.0
gumbo,2130.0
bossy,2130.0
folly,2129.0
allay,2123.0
gawky,2121.0
unzip,2120.0
chunk,2118.0
squib,2117.0
cinch,2112.0
timid,2110.0
undid,2107.0
bitty,2106.0
digit,2105.0
level,2105.0
plaza,2105.0
bulky,2102.0
gloom,2101.0
tight,2100.0
thigh,2100.0
flood,2098.0
cliff,2097.0
billy,2096.0
lowly,2095.0
wooly,2095.0
stuff,2095.0
couch,2088.0
musky,2087.0
missy,2081.0
click,2077.0
chaff,2075.0
assay,2073.0
sassy,2073.0
nymph,2072.0
bloom,2071.0
juicy,2067.0
hunky,2066.0
skull,2065.0
papal,2065.0
skulk,2065.0
hutch,2062.0
pizza,2057.0
fifty,2055.0
filly,2045.0
kitty,2035.0
icing,2034.0
myrrh,2030.0
emcee,2026.0
shook,2023.0
furry,2022.0
bosom,2021.0
spoof,2021.0
witty,2021.0
civil,2020.0
fifth,2019.0
knock,2017.0
widow,2016.0
chump,2016.0
llama,2014.0
willy,2011.0
dully,2005.0
maxim,2003.0
spook,2001.0
onion,2001.0
baggy,1996.0
putty,1988.0
pooch,1988.0
swoop,1987.0
nanny,1979.0
pulpy,1978.0
wimpy,1975.0
ovoid,1973.0
dumpy,1969.0
macaw,1968.0
pudgy,1964.0
amass,1964.0
hussy,1950.0
aback,1947.0
snuff,1941.0
livid,1937.0
mucus,1929.0
jolly,1926.0
swish,1925.0
bongo,1922.0
gully,1922.0
skunk,1921.0
affix,1917.0
guava,1910.0
hunch,1908.0
gruff,1908.0
funky,1907.0
cubic,1896.0
mucky,1895.0
bully,1892.0
moody,1890.0
quill,1886.0
dodgy,1885.0
goody,1885.0
kinky,1881.0
tooth,1873.0
cluck,1873.0
plump,1869.0
buxom,1856.0
quick,1854.0
vigil,1854.0
hippy,1852.0
hobby,1850.0
jumbo,1846.0
fully,1841.0
humus,1841.0
chock,1831.0
slyly,1813.0
giddy,1801.0
motto,1800.0
daddy,1798.0
fussy,1791.0
skiff,1780.0
femme,1779.0
piggy,1774.0
gypsy,1772.0
biddy,1771.0
woody,1770.0
dowdy,1770.0
sissy,1765.0
bunny,1748.0
chick,1747.0
known,1736.0
which,1733.0
queue,1729.0
goofy,1721.0
foggy,1721.0
mammy,1720.0
whoop,1707.0
funny,1697.0
bluff,1697.0
madam,1689.0
ninny,1671.0
twixt,1633.0
kayak,1614.0
gamma,1606.0
magma,1606.0
dummy,1602.0
jumpy,1602.0
muddy,1602.0
guppy,1570.0
buddy,1567.0
minim,1562.0
kappa,1556.0
poppy,1547.0
chuck,1543.0
humph,1539.0
dizzy,1530.0
shush,1525.0
gummy,1519.0
boozy,1501.0
puffy,1489.0
whiff,1486.0
buggy,1484.0
jazzy,1471.0
mimic,1464.0
booby,1461.0
bobby,1461.0
pygmy,1419.0
fluff,1416.0
woozy,1416.0
fizzy,1366.0
jiffy,1353.0
civic,1301.0
mamma,1295.0
puppy,1259.0
vivid,1218.0
mummy,1208.0
fuzzy,1162.0
